{"web":{"client_id":"496461563970-jltkj3brmut9ubdcmu7c2fde885ashf0.apps.googleusercontent.com","project_id":"iml208-python-projects","auth_uri":"https://accounts.google.com/o/oauth2/auth","token_uri":"https://oauth2.googleapis.com/token","auth_provider_x509_cert_url":"https://www.googleapis.com/oauth2/v1/certs","client_secret":"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","redirect_uris":["http://127.0.0.1:8000/oauth/complete/google-oauth2/","https://127.0.0.1:8000/oauth/complete/google-oauth2/"],"javascript_origins":["http://127.0.0.1:8000","https://127.0.0.1:8000"]}}